"Sample","Tool","Occupied","Padded","Padding","Measure"
"Hello World","Amy","233","233","0","assembled ROM"
"Hello World","CVBasic","1466","8192","6726","ROM_END - $8000"
"Hello World","z88dk","3687","32768","29081","unpadded linked binary"
"Hello World","ugBASIC","1420","16384","14964","code_user ROM section; 184 bytes reserved RAM; main e35e6df 2026-10-10; PRINT RAW; PASS"
"Hello World","devkitSMS","1507","16384","14877","Intel HEX address span"
"Hello World","PVColLib","1106","32767","31661","Intel HEX address span"
"Hello World","Legacy devkit","795","795","0","unpadded linked binary"
"Hello World","libcv","1001","1001","0","unpadded linked binary"
"Bitmap Picture","Amy","3214","3214","0","assembled ROM"
"Bitmap Picture","CVBasic","4948","8192","3244","ROM_END - $8000"
"Bitmap Picture","z88dk","4976","32768","27792","unpadded linked binary"
"Bitmap Picture","ugBASIC","9733","16384","6651","code_user ROM section; 178 bytes reserved RAM; main e35e6df 2026-10-10; native MSC1 COMPRESSED image; pixel-exact PASS"
"Bitmap Picture","devkitSMS","4713","32768","28055","Intel HEX address span"
"Bitmap Picture","PVColLib","4525","32767","28242","Intel HEX address span"
"Bitmap Picture","Legacy devkit","3643","3643","0","unpadded linked binary"
"Bitmap Picture","libcv","4691","4691","0","unpadded linked binary"
"Controller Visual","Amy","590","590","0","assembled ROM"
"Controller Visual","CVBasic","1695","8192","6497","ROM_END - $8000"
"Controller Visual","z88dk","4016","32768","28752","unpadded linked binary"
"Controller Visual","ugBASIC","2025","16384","14359","code_user ROM section; 189 bytes reserved RAM; main e35e6df 2026-10-10; PRINT RAW; Coleco masks corrected; PASS"
"Controller Visual","devkitSMS","1430","16384","14954","Intel HEX address span"
"Controller Visual","PVColLib","1194","32767","31573","Intel HEX address span"
"Controller Visual","Legacy devkit","932","932","0","unpadded linked binary"
"Controller Visual","libcv","812","812","0","unpadded linked binary"
"Sprite Metasprite","Amy","978","978","0","assembled ROM"
"Sprite Metasprite","CVBasic","1845","8192","6347","ROM_END - $8000"
"Sprite Metasprite","z88dk","2607","32768","30161","unpadded linked binary; -O3; grouped pattern/SAT transfers; PASS"
"Sprite Metasprite","ugBASIC","5797","16384","10587","code_user ROM section; 190 bytes reserved RAM; main e35e6df 2026-10-10; nested movement guards; PASS"
"Sprite Metasprite","devkitSMS","1681","16384","14703","Intel HEX address span"
"Sprite Metasprite","PVColLib","1304","32767","31463","Intel HEX address span"
"Sprite Metasprite","Legacy devkit","1142","1142","0","unpadded linked binary"
"Sprite Metasprite","libcv","1413","1413","0","unpadded linked binary"
"State Update","Amy","1422","1422","0","assembled ROM"
"State Update","CVBasic","2453","8192","5739","ROM_END - $8000"
"State Update","z88dk","2878","32768","29890","unpadded linked binary"
"State Update","ugBASIC","4013","16384","12371","code_user ROM section; 274 bytes reserved RAM; main e35e6df 2026-10-10; PASS"
"State Update","devkitSMS","2126","16384","14258","Intel HEX address span"
"State Update","PVColLib","1308","32767","31459","Intel HEX address span"
"State Update","Legacy devkit","1253","1253","0","unpadded linked binary"
"State Update","libcv","1291","1291","0","unpadded linked binary"
"Tile Animation","Amy","1312","1312","0","assembled ROM"
"Tile Animation","CVBasic","2982","8192","5210","ROM_END - $8000"
"Tile Animation","z88dk","2893","32768","29875","unpadded linked binary"
"Tile Animation","ugBASIC","2091","16384","14293","code_user ROM section; 180 bytes reserved RAM; main e35e6df 2026-10-10; PASS"
"Tile Animation","devkitSMS","1888","16384","14496","Intel HEX address span"
"Tile Animation","PVColLib","1530","32767","31237","Intel HEX address span"
"Tile Animation","Legacy devkit","1376","1376","0","unpadded linked binary"
"Tile Animation","libcv","1627","1627","0","unpadded linked binary"
