Fixture,Profile,ROM bytes,ROM delta,Cycles,Cycle delta
baseline,off,294,0,0,0
literal-text,off,317,23,457,457
literal-one-character,off,313,19,301,301
single-character,off,338,44,422,422
put-char-variable-coordinates,off,364,70,439,439
put-char-variable-value,off,361,67,428,428
put-char-value-expression,off,363,69,436,436
put-char-qualified-value,off,357,63,428,428
put-char-expressions,off,376,82,469,469
put-char-qualified,off,370,76,445,445
variable-coordinates,off,350,56,703,703
print-u8,off,403,109,868,868
print-u8-digits1,off,387,93,906,906
print-u8-digits2,off,398,104,916,916
print-u8-expression,off,404,110,940,940
print-u8-qualified-digits,off,383,89,579,579
print-u8-mixed-widths,off,423,129,1865,1865
print-u8-digits1-boundaries,off,508,214,4365,4365
print-u8-digits2-boundaries,off,519,225,4665,4665
print-fixed,off,486,192,1511,1511
print-u16,off,408,114,1459,1459
print-i16,off,433,139,1419,1419
print-u16-short-widths,off,488,194,8460,8460
print-i16-short-widths,off,546,252,9239,9239
print-i16-expression-qualified,off,487,193,2759,2759
print-bcd,off,411,117,1776,1776
hud-update,off,515,221,2159,2159
hud-update-compact,off,499,205,2001,2001
hud-update-explicit-digit,off,498,204,1895,1895
hud-update-bcd,off,539,245,2752,2752
hud-update-hand-z80,off,496,202,1885,1885
baseline,safe,290,0,0,0
literal-text,safe,313,23,457,457
literal-one-character,safe,309,19,301,301
single-character,safe,334,44,422,422
put-char-variable-coordinates,safe,360,70,439,439
put-char-variable-value,safe,357,67,428,428
put-char-value-expression,safe,359,69,436,436
put-char-qualified-value,safe,353,63,428,428
put-char-expressions,safe,372,82,469,469
put-char-qualified,safe,366,76,445,445
variable-coordinates,safe,344,54,680,680
print-u8,safe,399,109,868,868
print-u8-digits1,safe,383,93,906,906
print-u8-digits2,safe,394,104,916,916
print-u8-expression,safe,400,110,940,940
print-u8-qualified-digits,safe,379,89,579,579
print-u8-mixed-widths,safe,419,129,1865,1865
print-u8-digits1-boundaries,safe,486,196,4281,4281
print-u8-digits2-boundaries,safe,497,207,4581,4581
print-fixed,safe,482,192,1511,1511
print-u16,safe,404,114,1459,1459
print-i16,safe,429,139,1419,1419
print-u16-short-widths,safe,484,194,8460,8460
print-i16-short-widths,safe,542,252,9239,9239
print-i16-expression-qualified,safe,483,193,2759,2759
print-bcd,safe,407,117,1776,1776
hud-update,safe,511,221,2159,2159
hud-update-compact,safe,495,205,2001,2001
hud-update-explicit-digit,safe,494,204,1895,1895
hud-update-bcd,safe,535,245,2752,2752
hud-update-hand-z80,safe,492,202,1885,1885
baseline,balanced,290,0,0,0
literal-text,balanced,313,23,457,457
literal-one-character,balanced,309,19,301,301
single-character,balanced,332,42,412,412
put-char-variable-coordinates,balanced,360,70,439,439
put-char-variable-value,balanced,355,65,418,418
put-char-value-expression,balanced,357,67,426,426
put-char-qualified-value,balanced,351,61,418,418
put-char-expressions,balanced,370,80,463,463
put-char-qualified,balanced,366,76,445,445
variable-coordinates,balanced,344,54,680,680
print-u8,balanced,399,109,868,868
print-u8-digits1,balanced,383,93,906,906
print-u8-digits2,balanced,393,103,918,918
print-u8-expression,balanced,399,109,942,942
print-u8-qualified-digits,balanced,379,89,579,579
print-u8-mixed-widths,balanced,419,129,1865,1865
print-u8-digits1-boundaries,balanced,486,196,4281,4281
print-u8-digits2-boundaries,balanced,496,206,4593,4593
print-fixed,balanced,479,189,1515,1515
print-u16,balanced,403,113,1456,1456
print-i16,balanced,427,137,1421,1421
print-u16-short-widths,balanced,483,193,8457,8457
print-i16-short-widths,balanced,539,249,9246,9246
print-i16-expression-qualified,balanced,481,191,2763,2763
print-bcd,balanced,407,117,1776,1776
hud-update,balanced,510,220,2156,2156
hud-update-compact,balanced,495,205,2001,2001
hud-update-explicit-digit,balanced,492,202,1885,1885
hud-update-bcd,balanced,535,245,2752,2752
hud-update-hand-z80,balanced,492,202,1885,1885
baseline,aggressive,290,0,0,0
literal-text,aggressive,313,23,457,457
literal-one-character,aggressive,309,19,301,301
single-character,aggressive,332,42,412,412
put-char-variable-coordinates,aggressive,360,70,439,439
put-char-variable-value,aggressive,355,65,418,418
put-char-value-expression,aggressive,357,67,426,426
put-char-qualified-value,aggressive,351,61,418,418
put-char-expressions,aggressive,370,80,463,463
put-char-qualified,aggressive,366,76,445,445
variable-coordinates,aggressive,344,54,680,680
print-u8,aggressive,399,109,868,868
print-u8-digits1,aggressive,383,93,906,906
print-u8-digits2,aggressive,393,103,918,918
print-u8-expression,aggressive,399,109,942,942
print-u8-qualified-digits,aggressive,379,89,579,579
print-u8-mixed-widths,aggressive,419,129,1865,1865
print-u8-digits1-boundaries,aggressive,486,196,4281,4281
print-u8-digits2-boundaries,aggressive,496,206,4593,4593
print-fixed,aggressive,479,189,1515,1515
print-u16,aggressive,403,113,1456,1456
print-i16,aggressive,427,137,1421,1421
print-u16-short-widths,aggressive,483,193,8457,8457
print-i16-short-widths,aggressive,539,249,9246,9246
print-i16-expression-qualified,aggressive,481,191,2763,2763
print-bcd,aggressive,407,117,1776,1776
hud-update,aggressive,510,220,2156,2156
hud-update-compact,aggressive,495,205,2001,2001
hud-update-explicit-digit,aggressive,492,202,1885,1885
hud-update-bcd,aggressive,535,245,2752,2752
hud-update-hand-z80,aggressive,492,202,1885,1885
baseline,experimental,290,0,0,0
literal-text,experimental,313,23,457,457
literal-one-character,experimental,309,19,301,301
single-character,experimental,332,42,412,412
put-char-variable-coordinates,experimental,356,66,439,439
put-char-variable-value,experimental,351,61,418,418
put-char-value-expression,experimental,353,63,426,426
put-char-qualified-value,experimental,351,61,418,418
put-char-expressions,experimental,370,80,463,463
put-char-qualified,experimental,366,76,445,445
variable-coordinates,experimental,340,50,680,680
print-u8,experimental,395,105,868,868
print-u8-digits1,experimental,379,89,906,906
print-u8-digits2,experimental,389,99,918,918
print-u8-expression,experimental,395,105,942,942
print-u8-qualified-digits,experimental,379,89,579,579
print-u8-mixed-widths,experimental,415,125,1865,1865
print-u8-digits1-boundaries,experimental,486,196,4281,4281
print-u8-digits2-boundaries,experimental,496,206,4593,4593
print-fixed,experimental,475,185,1515,1515
print-u16,experimental,399,109,1456,1456
print-i16,experimental,423,133,1421,1421
print-u16-short-widths,experimental,479,189,8457,8457
print-i16-short-widths,experimental,535,245,9246,9246
print-i16-expression-qualified,experimental,477,187,2763,2763
print-bcd,experimental,403,113,1776,1776
hud-update,experimental,510,220,2156,2156
hud-update-compact,experimental,495,205,2001,2001
hud-update-explicit-digit,experimental,492,202,1885,1885
hud-update-bcd,experimental,535,245,2752,2752
hud-update-hand-z80,experimental,492,202,1885,1885
