"Picture","Codec","Payload bytes","Decoder bytes","Cycles","NTSC frames","PAL frames","NTSC refreshes","PAL refreshes","Exact VRAM"
"Cake","Exomizer 2","2935","226","4872897","81.574","68.282","82","69","PASS"
"Cake","ZX0","2958","136","2925467","48.973","40.994","49","41","PASS"
"Cake","DAN2","2999","212","3519499","58.918","49.318","59","50","PASS"
"Cake","DAN3","3005","205","3448208","57.724","48.319","58","49","PASS"
"Cake","DAN1","3006","205","3587486","60.056","50.27","61","51","PASS"
"Cake","MegaLZ","3103","162","3550334","59.434","49.75","60","50","PASS"
"Cake","aPLib Compact","3054","244","2699590","45.192","37.828","46","38","PASS"
"Cake","Pletter","3108","212","3022537","50.598","42.354","51","43","PASS"
"Cake","ZX7","3104","136","3069506","51.385","43.012","52","44","PASS"
"Cake","BitBuster","3126","166","2555588","42.781","35.811","43","36","PASS"
"Cake","ZX1","3112","127","2824747","47.287","39.582","48","40","PASS"
"Cake","ZX2","3124","115","2813662","47.102","39.427","48","40","PASS"
"Cake","LZF","3623","117","2499514","41.843","35.025","42","36","PASS"
"Cake","Nibble","3554","115","1787049","29.916","25.041","30","26","PASS"
"Cake","MDK-RLE","4069","46","457286","7.655","6.408","8","7","PASS"
"Cake","MSC1","4909","68","575481","9.634","8.064","10","9","PASS"
"mona lisa","Exomizer 2","9208","226","8078404","135.235","113.2","136","114","PASS"
"mona lisa","ZX0","9426","136","2827811","47.338","39.625","48","40","PASS"
"mona lisa","DAN2","9630","212","4725201","79.101","66.213","80","67","PASS"
"mona lisa","DAN3","9490","205","3514464","58.833","49.247","59","50","PASS"
"mona lisa","DAN1","9649","205","5013092","83.921","70.247","84","71","PASS"
"mona lisa","MegaLZ","9651","162","4081136","68.32","57.188","69","58","PASS"
"mona lisa","aPLib Compact","9799","244","3910864","65.469","54.802","66","55","PASS"
"mona lisa","Pletter","9640","212","3420091","57.253","47.925","58","48","PASS"
"mona lisa","ZX7","9679","136","3421759","57.281","47.948","58","48","PASS"
"mona lisa","BitBuster","9713","166","2848517","47.685","39.915","48","40","PASS"
"mona lisa","ZX1","9885","127","2542424","42.561","35.626","43","36","PASS"
"mona lisa","ZX2","9727","115","2523741","42.248","35.364","43","36","PASS"
"mona lisa","LZF","10458","117","1699611","28.452","23.816","29","24","PASS"
"mona lisa","Nibble","10337","115","4605253","77.093","64.532","78","65","PASS"
"mona lisa","MDK-RLE","12106","46","480429","8.043","6.732","9","7","PASS"
"mona lisa","MSC1","11639","68","509124","8.523","7.134","9","8","PASS"
"NewColeco ROM File Edition","Exomizer 2","904","226","3379560","56.575","47.357","57","48","PASS"
"NewColeco ROM File Edition","ZX0","901","136","2596202","43.461","36.38","44","37","PASS"
"NewColeco ROM File Edition","DAN2","909","212","2806751","46.986","39.33","47","40","PASS"
"NewColeco ROM File Edition","DAN3","966","205","2819166","47.194","39.504","48","40","PASS"
"NewColeco ROM File Edition","DAN1","910","205","2827472","47.333","39.62","48","40","PASS"
"NewColeco ROM File Edition","MegaLZ","1029","162","3003576","50.281","42.088","51","43","PASS"
"NewColeco ROM File Edition","aPLib Compact","930","244","2038378","34.123","28.563","35","29","PASS"
"NewColeco ROM File Edition","Pletter","960","212","2593207","43.411","36.338","44","37","PASS"
"NewColeco ROM File Edition","ZX7","958","136","2646484","44.303","37.084","45","38","PASS"
"NewColeco ROM File Edition","BitBuster","973","166","2200282","36.833","30.832","37","31","PASS"
"NewColeco ROM File Edition","ZX1","935","127","2580406","43.197","36.158","44","37","PASS"
"NewColeco ROM File Edition","ZX2","932","115","2584132","43.259","36.211","44","37","PASS"
"NewColeco ROM File Edition","LZF","1219","117","2485886","41.615","34.834","42","35","PASS"
"NewColeco ROM File Edition","Nibble","1340","115","1109498","18.573","15.547","19","16","PASS"
"NewColeco ROM File Edition","MDK-RLE","1622","46","397660","6.657","5.572","7","6","PASS"
"NewColeco ROM File Edition","MSC1","1910","68","528325","8.844","7.403","9","8","PASS"
