"Rank","Codec","Total bytes","Average ratio","Median ratio","First-use 1st","First-use 2nd","First-use 3rd","First-use 4th","First-use 5th","Decoder bytes"
"1","Exomizer 2","161374","31.27%","23.43%","21","12","2","3","1","226"
"2","ZX0","166556","32.27%","23.63%","21","18","1","2","0","136"
"3","DAN2","166923","32.34%","23.99%","0","0","7","13","10","212"
"4","DAN3","167186","32.39%","23.99%","0","0","16","5","11","205"
"5","DAN1","167240","32.41%","24.04%","0","3","4","9","16","205"
"6","MegaLZ","171016","33.14%","24.66%","0","0","1","1","1","162"
"7","aPLib Compact","171484","33.23%","24.52%","0","0","0","0","0","244"
"8","Pletter","171751","33.28%","24.80%","0","0","0","0","0","212"
"9","ZX7","171788","33.29%","24.77%","0","0","2","9","3","136"
"10","BitBuster","172941","33.51%","24.94%","0","0","0","0","0","166"
"11","ZX1","176562","34.21%","24.98%","0","4","5","0","0","127"
"12","ZX2","177582","34.41%","25.40%","0","5","4","0","0","115"
"13","LZF","193412","37.48%","28.36%","0","0","0","0","0","117"
"14","Nibble","214555","41.57%","35.48%","0","0","0","0","0","115"
"15","MDK-RLE","253859","49.19%","42.52%","0","0","0","0","0","46"
"16","MSC1","259023","50.19%","45.63%","0","0","0","0","0","68"
