"Rank","Codec","Decoder bytes","Samples","Average cycles","Median cycles","Minimum cycles","Maximum cycles","Average NTSC frames","Average PAL frames"
"1","MDK-RLE","46","3","445125","457286","397660","480429","7.452","6.237"
"2","MSC1","68","3","537643","528325","509124","575481","9","7.534"
"3","LZF","117","3","2228337","2485886","1699611","2499514","37.303","31.225"
"4","Nibble","115","3","2500600","1787049","1109498","4605253","41.861","35.04"
"5","BitBuster","166","3","2534796","2555588","2200282","2848517","42.433","35.519"
"6","ZX2","115","3","2640512","2584132","2523741","2813662","44.203","37.001"
"7","ZX1","127","3","2649192","2580406","2542424","2824747","44.348","37.122"
"8","ZX0","136","3","2783160","2827811","2596202","2925467","46.591","38.999"
"9","aPLib Compact","244","3","2882944","2699590","2038378","3910864","48.261","40.398"
"10","Pletter","212","3","3011945","3022537","2593207","3420091","50.421","42.205"
"11","ZX7","136","3","3045916","3069506","2646484","3421759","50.99","42.681"
"12","DAN3","205","3","3260613","3448208","2819166","3514464","54.584","45.69"
"13","MegaLZ","162","3","3545015","3550334","3003576","4081136","59.345","49.675"
"14","DAN2","212","3","3683817","3519499","2806751","4725201","61.668","51.62"
"15","DAN1","205","3","3809350","3587486","2827472","5013092","63.77","53.379"
"16","Exomizer 2","226","3","5443620","4872897","3379560","8078404","91.128","76.28"
