"Codec","Routine bytes","Commando payload + routine","Warrior payload + routine","Dacman Title payload + routine"
"ZX0","136","5446","2985","1120"
"ZX1","127","5728","3091","1151"
"ZX2","115","5667","3234","1158"
"ZX7","136","5649","3120","1166"
"aPLib Compact","244","5699","3217","1256"
"MegaLZ","162","5570","3119","1237"
"Exomizer 2","226","5432","3047","1193"
"MSC1","68","7679","3784","1630"
"Pletter","212","5720","3200","1247"
"BitBuster","166","5704","3168","1211"
"LZF","117","6253","3312","1299"
"DAN1","205","5529","3108","1174"
"DAN2","212","5524","3109","1184"
"DAN3","205","5525","3096","1238"
"Nibble","115","6410","3460","1298"
"MDK-RLE","46","7331","3733","1436"
